"","cluster","count","age","avg_glucose_level","bmi","hypertension","heart_disease","formerly_smoked","never_smoked","smokes","Unknown"
"1",1,1,51.2485732403297,109.816423589093,30.7075459733672,0.12428662016487,0.0811667723525682,0.530120481927711,0,0.467343056436271,0.00253646163601776
"2",2,1,46.469222462203,107.136214902808,29.9825593952484,0.116630669546436,0.0437365010799136,0,1,0,0
"3",3,1,29.4252197430696,98.1763894523327,25.5990534144692,0.026369168356998,0.0229885057471264,0,0,0,1
