"","cluster","count","age","avg_glucose_level","bmi","hypertension","heart_disease","formerly_smoked","never_smoked","smokes","Unknown"
"1",1,1,46.469222462203,107.136214902808,29.9825593952484,0.116630669546436,0.0437365010799136,0,1,0,0
"2",2,1,51.2325728770596,109.837661596958,30.7022813688213,0.124207858048162,0.0811153358681876,0.53041825095057,0,0.467046894803549,0.00253485424588086
"3",3,1,29.4252197430696,98.1763894523327,25.5990534144692,0.026369168356998,0.0229885057471264,0,0,0,1
